Name,Primary_URL,Repository_URL,First_Appeared_Year,Open_Source_Model,License,Short_Description,Community_Size_Category,Community_Proxy_Evidence,GitHub_Stars_2026_09_17,GitHub_Stars_Caveat,Estimated_External_Integrations,Integration_Notes,Time_Tracking,Agile_Views,Gantt_View,Calendar_View,Open_Calendar_Sync,Deployment,Calendar_Sync,Data_Out,Stack,Hosted_Option,Ease_of_Deployment_Score_1_5,Ease_of_Deployment_Review,Ease_of_Use_Score_1_5,Ease_of_Use_Review,Enterprise_Features_Score_1_5,Enterprise_Features_Review,Interface_Flexibility_Score_1_5,Interface_Flexibility_Review,Data_Sovereignty_Score_1_5,Data_Sovereignty_Review,Portability_Score_1_5,Portability_Review,Activity_or_Caveat,Research_Confidence,Source_URLs
Huly,https://huly.io/,github.com/hcengineering/platform,2023,FOSS,EPL-2.0,"All-in-one process, project, time and knowledge environment with a central team calendar. The hosted service closed in July 2026; self-hosting continues.",Very large,"27.7k stars and 2.2k forks, on a long commit history.",27695,"hcengineering/platform is the whole platform — tracker, documents, calendar and messaging. No repository counts Huly the task manager on its own.",3–10,GitHub synchronisation is the notable one. The surface is smaller than Plane’s or OpenProject’s.,PARTIAL,NATIVE,NO,NATIVE,NO,"Docker Compose across several services, with MongoDB or CockroachDB, object storage and a search index. The heaviest stack here.","A built-in team calendar, but no CalDAV or iCalendar interface to it.","Workspace backup and restore tooling, plus a plugin and API surface; not recorded as a set of named export formats.",TypeScript and Svelte over MongoDB or CockroachDB.,None recorded. The first-party hosted service closed in July 2026; self-hosting continues.,3.0,"The most components to stand up of anything here, and the most to keep running.",4.2,"One integrated workspace, wide enough that finding your way takes a while.",3.7,The collaboration and process breadth is real. Continuity and the support model are the question.,4.5,"Projects, messaging, calendar and documents in one interface.",5.0,"EPL source and self-hosting, untouched by the hosted service closing.",4.1,"Open source, but so broad that replacing it means replacing several tools at once.",The hosted service was announced for shutdown around 20 Jul 2026. Self-hosting was stated to be unaffected.,High,https://huly.io | https://github.com/hcengineering/platform
OpenProject,https://www.openproject.org/,github.com/opf/openproject,2012,FOSS,GPL-3.0,"Classic, agile and hybrid project portfolio management with work packages, boards, Gantt, and native time and cost tracking.",Very large,"A maintained Community Edition, documentation, forums and regular releases. Integration work continued in Sep 2026.",16127,,12–20,"GitHub, GitLab, Nextcloud, OneDrive, SharePoint and XWiki are named, with a REST API for the rest.",NATIVE,NATIVE,NATIVE,NATIVE,PARTIAL,"A packaged all-in-one container, distribution packages, or an official Helm chart over PostgreSQL.","iCalendar subscription URLs per work-package view, one way out. No CalDAV.","CSV, XLSX and PDF exports; REST APIv3 with OAuth2.",Ruby on Rails and Angular over PostgreSQL.,First-party (OpenProject Enterprise cloud).,4.0,"Packages, containers and an official Helm chart, carrying a heavier stack than minimalist tools.",4.0,"Capable and clear, but the PM vocabulary and configuration depth take time to learn.",4.9,"Permissions, identity, audit, portfolio reporting, and cost and time management, all native.",4.6,"Tables, boards, Gantt, calendars, filters, custom workflows and per-project modules.",5.0,"The Community Edition can be self-hosted, with GPL-licensed source and control over the database.",4.6,A conventional stack with API and export routes out. Some advanced functions are edition-bound.,Check each feature against the Community Edition. Much of what is advertised is Enterprise.,High,https://www.openproject.org/docs/enterprise-guide/enterprise-on-premises-guide/enterprise-on-premises-faq/ | https://www.openproject.org/community-edition | https://www.openproject.org/docs | https://www.openproject.org/docs/api/endpoints/configuration | https://github.com/opf/openproject
Plane,https://plane.so/,github.com/makeplane/plane,2022,Open core,AGPL for Community Edition,"Product-development workspace built on work items, cycles, modules and initiatives, with the widest advertised integration surface here.",Very large,"High GitHub visibility, with docs and product pages updated in Sep 2026.",59519,,50+,"Slack, GitHub and Figma among the advertised connections, plus APIs, webhooks, OAuth apps and MCP.",PARTIAL,NATIVE,NATIVE,NATIVE,NO,"Docker Compose over PostgreSQL, Redis and MinIO object storage, or a Kubernetes chart. Several services, not one container.",None. Neither CalDAV nor an iCalendar feed.,"CSV and JSON exports of work items; REST API, webhooks, OAuth apps and MCP.",Next.js and TypeScript over Python (Django) and PostgreSQL.,"First-party (Plane Cloud), alongside the self-hosted Community Edition.",4.4,"Documented Docker and Kubernetes paths, with more moving parts than a single-container app.",4.7,Teams arriving from Linear or Jira need almost no reorientation.,4.5,"Governance and deployment options run deep, though several sit outside the AGPL Community tier.",4.8,"Board, spreadsheet, list and Gantt views, over configurable work items, cycles and initiatives.",4.7,"Open Community code, deployable on-prem and air-gapped. The tier boundary is the limit.",4.3,"APIs and webhooks are there, but open-core splits make a like-for-like exit harder.",Open core. Do not assume a feature on the marketing site is in the Community Edition.,High,https://plane.so/open-source | https://docs.plane.so | https://docs.plane.so/core-concepts/issues/time-tracking | https://plane.so
Redmine,https://www.redmine.org/,github.com/redmine/redmine,2006,FOSS,GPLv2,"Two decades of configurable issue workflows, custom fields, multiple databases and a vast plugin ecosystem. Dated interface, exceptional survivability.",Very large,"Nearly two decades of continuity, busy forums and plugins, and several supported-version releases in Aug 2026.",6032,"GitHub carries a read-only mirror. Development lives in the project’s own repository at redmine.org, so this figure sits far below two decades of installed base.",100+,"A large plugin ecosystem and a REST API. Agile boards usually arrive as a plugin, not from core.",NATIVE,PARTIAL,NATIVE,NATIVE,PARTIAL,"An official Docker image or distribution packages over PostgreSQL, MySQL or SQLite. Conventional and well documented.","iCalendar and Atom feeds over issue queries, one way out. No CalDAV.","CSV, PDF, XML and JSON exports; a full REST API in XML and JSON.","Ruby on Rails over PostgreSQL, MySQL or SQLite.","Third-party only (Planio, Easy Redmine and others); no first-party service.",3.7,"Well understood, but the Ruby stack, plugins and upgrades want an admin who knows them.",3.2,"It works, and it looks its age. The configuration depth overwhelms casual users.",4.2,"Workflows, roles, custom fields and multi-project operation, extended by twenty years of plugins.",4.7,"Almost any workflow or field can be configured, behind an old-fashioned interface.",5.0,"GPL, self-hosted, and it runs on the database you already have.",4.9,"A REST API, standard databases, and two decades of continuity to archive against.","The weakness is the interface, not the project’s health. Three supported versions shipped in Aug 2026.",High,https://www.redmine.org | https://www.redmine.org/projects/redmine/wiki/Features | https://github.com/redmine/redmine
AFFiNE,https://affine.pro/,github.com/toeverything/AFFiNE,2022,Source-available,"MPL-2.0 client, EE backend","Documents, an infinite whiteboard and databases in one workspace, with tasks as database views rather than a tracker of their own.",Large,"72.7k GitHub stars and frequent releases; a large audience for the editor, a much smaller one running the backend themselves.",72702,,few,"A GraphQL API with WebSocket sync, and built-in AI. Packaged connections to other task systems are thin.",NO,NATIVE,NO,NO,NO,"Documented Docker Compose with PostgreSQL and Redis, or the hosted service.",None. Neither CalDAV nor an iCalendar feed.,"Markdown, HTML, JSON and PDF or PNG exports; a GraphQL API with WebSocket sync.",Rust and TypeScript with React.,"First-party (AFFiNE Cloud), plus a paid self-hosted Team tier.",3.8,Documented Docker Compose with PostgreSQL and Redis. More moving parts than a notes app suggests.,4.5,"One of the most polished interfaces in this table, and the whiteboard has no real peer here.",2.6,"Multi-admin roles and team management sit in the paid self-hosted tier, not in the free build.",4.0,"Docs, edgeless whiteboard and database views over the same content, freely mixed.",2.8,The client is open; the self-hosted backend is under an Enterprise Edition licence. That is the ceiling.,3.4,"Markdown, HTML, JSON and PDF out over GraphQL. Fine for documents, thinner for structured work.","The client is open and the self-hosted backend is not: it ships under an AFFiNE Enterprise Edition licence, and administrative features sit behind the paid Team tier. Self-hosted and open source are two different claims here, and this is the clearest case in the table of why the distinction matters.",Medium,https://affine.pro/self-host | https://docs.affine.pro/self-host-affine/features/team-license | https://github.com/toeverything/AFFiNE/discussions/5947
AppFlowy,https://appflowy.io/,github.com/AppFlowy-IO/AppFlowy,2021,Open core,AGPL-3.0,"A Notion-shaped workspace of nested documents and inline databases, where board, table and calendar are three views of the same records.",Large,"76.8k GitHub stars and active releases through 2026, with a following much larger than the self-hosted share of it.",76783,,4–10,"A self-hosted cloud sync server, local and hosted language models, and a cloud API. Packaged connectors to other task systems are limited.",NO,NATIVE,NO,NATIVE,NO,Compose for the self-hosted AppFlowy Cloud sync server; the web client sits alongside desktop and mobile builds.,None. Neither CalDAV nor an iCalendar feed.,"JSON, Markdown and CSV exports; a cloud API with WebSocket sync.",Flutter and Rust over PostgreSQL.,"First-party (AppFlowy Cloud), with paid AI and vault add-ons.",3.6,"Compose for the self-hosted sync server, with several services behind it. Documented, but not a single container.",4.4,Polished and immediately familiar to anyone who has used Notion.,3.0,"Workspace roles and guest links. SSO, audit and the vault tier are paid.",4.2,"Table, board, calendar and nested documents over configurable database fields.",3.8,"The AGPL workspace self-hosts, though the AI and vault tiers are where the vendor keeps its margin.",3.6,"JSON, Markdown and CSV out, over a cloud API. Adequate rather than generous.","Open core, and the desktop and mobile clients lead the web one. Check that the capability you need is in the AGPL build rather than in an AI or vault tier before committing.",Medium,https://github.com/AppFlowy-IO/AppFlowy-Cloud | https://appflowy.com/pricing | https://appflowy.io/
Habitica,https://habitica.com/,github.com/HabitRPG/habitica,2013,FOSS,GPL-3.0,"Habits, dailies and to-dos wrapped in a role-playing game, where parties and guilds carry the accountability a manager otherwise would.",Large,"14.2k GitHub stars against a very large hosted player base, an active wiki and a long list of third-party apps.",14158,,8–20,"API v3 with user-configurable webhooks, a documented third-party application list, and connectors through Make and similar automation platforms.",NO,NO,NO,NO,NO,"Compose with Node.js, MongoDB and Redis.",None. Neither CalDAV nor an iCalendar feed.,JSON and CSV exports; a full REST API with user-configurable webhooks.,Node.js and Vue over MongoDB.,"First-party (habitica.com), where nearly all of its users are.",3.2,"Compose with Node.js, MongoDB and Redis. Possible to self-host, but the hosted service is the trodden path.",4.0,"Genuinely enjoyable for the people it suits, and completely alien to anyone wanting a project tool.",1.8,"Parties, guilds and challenge managers. A social structure, not an organisational one.",2.2,Four fixed list types and no views at all. The narrowest interface in this table.,4.0,GPLv3 and self-hostable in full; the subscriptions are cosmetic and live on the hosted service.,3.4,"JSON and CSV exports over a full REST API, which is more than the category usually offers.","A motivation system rather than a project tool. There is no board, timeline or calendar, and the self-hosted path is far less travelled than habitica.com — expect to be an early reader of your own logs.",Medium,https://github.com/HabitRPG/habitica | https://habitica.fandom.com/wiki/Application_Programming_Interface | https://habitica.com/
Leantime,https://leantime.io/,github.com/Leantime/leantime,2019,Open core,AGPLv3 core,"Project management aimed at non-project-managers: tasks, Kanban, timelines, retrospectives, strategy boards and native timesheets.",Large,"Large GitHub following, a running marketplace and community chat, and continuing development.",11594,,8–20,A marketplace and an API widen the coverage. The count moves as the marketplace does.,NATIVE,NATIVE,NATIVE,NATIVE,PARTIAL,"Docker Compose with PHP, a web server and MySQL. One database, no queue or object store.","iCalendar feed URLs for tasks and milestones, one way out. No CalDAV.","CSV and JSON exports, plus timesheet exports; REST API and webhooks.","PHP over MySQL, with a server-rendered interface.",First-party (Leantime hosted).,4.2,A standard web stack with container options. Plugin management adds ongoing upkeep.,4.5,"Built for teams with no project manager in them, and it shows.",3.7,"The organisational features are real, but governance and portfolio administration stop short of OpenProject.",4.5,"Task views, timelines, retrospectives and strategy boards, extensible past them.",5.0,"The AGPL core self-hosts, so deployment and data stay yours.",4.6,The core and its API leave cleanly. Anything running on a paid plugin needs replacing first.,The core is open. Advanced functionality may arrive as a paid plugin.,High,https://leantime.io | https://marketplace.leantime.io | https://github.com/Leantime/leantime
Logseq,https://logseq.com/,github.com/logseq/logseq,2020,FOSS,AGPL-3.0,"An outliner over plain Markdown and Org-mode files, where the task list is a query across notes you already wrote.",Large,"45.0k GitHub stars and 486 plugins in the marketplace as of August 2026, against a database rewrite that has been in beta a long time.",44950,,100+,"486 marketplace plugins as of August 2026, most of them editor extensions rather than connections to other systems, plus Git-based sync over the files themselves.",PARTIAL,PARTIAL,NO,PARTIAL,NO,"A self-hosted web app container, a desktop build, or the hosted browser demo reading a local folder.",None. Neither CalDAV nor an iCalendar feed.,"The files are the export: Markdown and Org-mode on disk, plus JSON; a plugin API.",ClojureScript and React over plain text files.,"None. The files stay yours, synced by whatever you already use.",4.0,"A container for the self-hosted web app, or no server at all if you run the desktop build.",3.4,"Outliner literacy is the entry fee. Once paid, querying tasks out of notes is unusually good.",1.5,"Effectively single-user. There are no roles, no shared instance and no administration.",4.0,"Queries, references and 486 plugins will bend it to most shapes, given patience.",5.0,"Plain files on your own disk. Nothing scores higher than that, and nothing can.",5.0,"The files are the export. Markdown and Org-mode, readable without Logseq ever running again.","The browser build depends on the File System Access API, so a local graph opens in Chromium only — Firefox and Safari cannot. The database rewrite has been in beta for a long time and plugin compatibility with it is still unsettled.",Medium-high,https://github.com/logseq/logseq | https://logseq.github.io/marketplace/ | https://github.com/logseq/logseq/blob/master/docs/docker-web-app-guide.md
Nextcloud Deck,https://nextcloud.com/,github.com/nextcloud/deck,2018,FOSS,AGPL,"Kanban inside Nextcloud, worth testing before deploying a second platform if Nextcloud is already in place.",Large,"Carried by the far larger Nextcloud ecosystem, app store and install base. Deck is established within it.",1421,"The Deck app repository alone. Nextcloud, the platform Deck runs inside and inherits its install base from, holds about 36.8k of its own.",5–10,"The value is in Nextcloud itself, Files and Calendar and sharing, rather than standalone connectors.",PARTIAL,NATIVE,NATIVE,PARTIAL,NATIVE,"The Nextcloud all-in-one container or distribution packages over PostgreSQL or MariaDB, then Deck and Tasks as apps.","Native CalDAV through Nextcloud Tasks, read and write. The strongest phone and desktop story in the table.","iCalendar and CalDAV, JSON, and CSV through companion apps; OCS and REST APIs with webhooks.",PHP and Vue over PostgreSQL or MariaDB.,Third-party providers under the Nextcloud provider programme.,3.8,Trivial if Nextcloud is already running. Disproportionate if it is not.,4.1,"A board and little else, in a place Nextcloud users already work.",4.1,"Identity, sharing and administration are inherited from Nextcloud itself.",4.0,"Kanban, Gantt, and the surrounding Nextcloud apps. As standalone PM, shallow.",5.0,"AGPL, self-hosted, sitting alongside the rest of your files.",4.5,"A standards-friendly platform, though Deck data leaves only with Nextcloud.",Comparisons saying Deck has no Gantt predate the Jun 2026 announcement.,High,https://nextcloud.com/blog/nextcloud-deck-kanban-board-gantt-chart-app-for-teams | https://apps.nextcloud.com/apps/deck | https://github.com/nextcloud/deck
NocoDB,https://nocodb.com/,github.com/nocodb/nocodb,2021,Open core,AGPL-3.0,"Puts grid, kanban, gallery, form and calendar views over a SQL database you already own, so the task board is a view rather than a new system of record.",Large,"65.0k GitHub stars with frequent releases, and wide deployment as a self-hosted Airtable replacement.",64995,,30–60,"An auto-generated REST API with Swagger, per-table webhooks, native connectors to external PostgreSQL and MySQL sources, and packaged Zapier, n8n and Make apps.",NO,NATIVE,NO,NATIVE,NO,"One container over SQLite, or pointed at an existing PostgreSQL or MySQL database.",None. Neither CalDAV nor an iCalendar feed.,"CSV, JSON and Excel exports; an auto-generated Swagger REST API, and per-table webhooks.","Node.js and Vue over SQLite, PostgreSQL or MySQL.",First-party (NocoDB Cloud).,4.4,"A single container over SQLite, or pointed straight at a database you already run.",4.0,Anyone who has used a spreadsheet is productive in minutes; the relational parts take longer.,3.6,"Owner, creator, editor, commenter and viewer per base. SSO, audit and row-level policy are paid.",4.6,"Five view types over any table, with formulas, lookups, rollups and per-view filters.",4.0,The AGPL core self-hosts in full; governance features are the part held back.,4.8,Point it at your own PostgreSQL and the data never enters NocoDB's storage in the first place.,"A database with task views, not a task manager. There is no sprint, dependency or timeline unless you model one, and nothing stops a team modelling it badly.",Medium-high,https://github.com/nocodb/nocodb | https://nocodb.com/docs/product-docs/automation/webhook | https://nocodb.com/
PLANKA,https://planka.app/,github.com/plankanban/planka,2019,Source-available,Edition-dependent; not treated here as pure OSI FOSS,Board-first Trello alternative. The Community edition is capable; timeline and calendar sit in the paid tiers.,Large,"Widely visible in self-hosting circles and broadly used, on an official Community and Pro split.",12555,,few,A wide notification surface. That is not the same as a hundred two-way business integrations.,NATIVE,NATIVE,PARTIAL,PARTIAL,NO,A two-container Compose file: the application and PostgreSQL. Nothing else to run.,None. Neither CalDAV nor an iCalendar feed.,JSON and CSV board exports; REST API and webhooks.,Node.js and React over PostgreSQL.,None recorded for the Community edition.,4.7,A compact container stack that comes up quickly.,4.8,The closest thing to Trello you can host yourself.,3.6,"The business features exist, mostly in Pro and Enterprise rather than Community.",4.0,The board is the product. The other views are thinner than a full suite’s.,4.5,"The data is yours. The licence and edition rules mean the software is not, entirely.",3.6,You can move the instance. The fair-code terms still bind you where MIT and GPL peers would not.,Read the licence before committing. Community is capable; several organisational features are paid.,Medium-high,https://planka.app | https://docs.planka.cloud | https://github.com/plankanban/planka
Taiga,https://taiga.io/,github.com/taigaio,2014,FOSS,Open-source (project states 100% open source self-hosting),"Agile-first: backlogs, sprint boards, burndowns, WIP limits and swimlanes, with no native Gantt, calendar or time tracking.",Large,"An established project with its own forum, documentation and years of agile-team adoption.",2148,"The codebase is split across taiga-docker, taiga-back and taiga-front. This is the largest of the three; the other two hold roughly 1.2k more between them.",8–15,"Source-control and migration workflows. Community docs cover GitHub, GitLab, Gitea and Gogs.",NO,NATIVE,NO,NO,NO,"A multi-container Compose stack with an official install script, over PostgreSQL, RabbitMQ and Redis.",None. Neither CalDAV nor an iCalendar feed.,"A full project dump as JSON, plus CSV; comprehensive REST API and webhooks.",Python (Django) and React over PostgreSQL.,First-party (Taiga cloud).,3.8,"Documented well, but it is a multi-service stack rather than one container.",4.5,Immediately clear to a team that already runs sprints.,3.4,"Agile workflow control is thorough. Portfolio, cost and governance are absent.",4.2,"Deep agile configuration and custom fields, with few of the classic PM views.",5.0,"Open source throughout, self-hosted in full.",4.5,"Open source, with importers, exports and an API to leave by.","No native Gantt, calendar or time tracking. For some teams that ends the evaluation.",High,https://taiga.io | https://docs.taiga.io | https://community.taiga.io
Focalboard,https://www.focalboard.com/,github.com/mattermost-community/focalboard,2021,FOSS,MIT (personal server),"Trello-shaped boards with table, gallery and calendar views over the same cards, from the Mattermost project and now maintained by whoever turns up.",Medium-large,"26.5k GitHub stars from the Mattermost era, with community commits continuing into 2026 against an open call for maintainers.",26466,,few,A REST API and a board archive format. Deeper integration comes from running it inside Mattermost rather than from connectors of its own.,NO,NATIVE,NO,NATIVE,NO,"A single Docker image for the personal server, or the board plugin inside Mattermost.",None. Neither CalDAV nor an iCalendar feed.,JSON board archives and CSV exports; a REST API.,Go and React.,"Through Mattermost Cloud, as part of that product rather than on its own.",4.3,"A single Docker image for the personal server, or the board plugin inside an existing Mattermost.",4.2,"Notion-style properties over a Trello-style board, and almost nothing to learn first.",2.6,"Board-level roles only: admin, editor, commenter, viewer. No organisational model above that.",3.4,"Kanban, table, gallery and calendar over custom properties, with filters and grouping.",4.4,"MIT, self-hostable in full, and small enough to fork if it comes to that.",3.6,"JSON board archives and CSV, over a REST API. Enough to leave, not enough to automate around.",Community-maintained. Mattermost stopped bundling the plugin in September 2023 and adds neither features nor fixes; commits continue from contributors against an open call for maintainers. Treat the roadmap as absent rather than slow.,High,https://github.com/mattermost-community/focalboard | https://github.com/mattermost-community/focalboard/issues/5038 | https://www.focalboard.com/
Grist,https://www.getgrist.com/,github.com/gristlabs/grist-core,2020,Open core,Apache-2.0 (grist-core),"A relational spreadsheet with Python formulas and cell-level access rules, where the tracker is something you assemble rather than something you are given.",Medium-large,"11.8k GitHub stars, steady releases, and visible adoption in public-sector and civic-tech deployments.",11811,,20–40,"REST API with an interactive console, outgoing webhooks, custom widgets, and packaged Zapier, n8n and Make connectors.",NO,PARTIAL,NO,PARTIAL,NO,"One official container over SQLite, with Python for formulas. No external database required.",None. Neither CalDAV nor an iCalendar feed.,"SQLite, CSV and Excel exports; REST API with an interactive console, and outgoing webhooks.",Python and TypeScript over SQLite.,"First-party (Grist hosted), with paid tiers above the Apache-2.0 core.",4.5,"One official container over SQLite, with no queue, cache or object store to run beside it.",3.6,Spreadsheet fluency gets you a long way; a task board is still something you have to design.,3.8,Access rules down to the individual cell are the best in this table. SSO and SCIM are Enterprise.,4.6,"Widgets, Python formulas and linked views will model almost any process you can describe.",4.2,grist-core self-hosts completely; the Enterprise build adds administration rather than function.,4.6,Your document is a SQLite file. Few exits in this field are that clean.,"Not a task manager out of the box. You get a database, a formula language and the parts to build one, which is either exactly the point or immediately the problem.",Medium-high,https://github.com/gristlabs/grist-core | https://support.getgrist.com/technical-docs/ | https://www.getgrist.com/
Kanboard,https://kanboard.org/,github.com/kanboard/kanboard,2014,FOSS,MIT,"Deliberately minimal Kanban with SQLite by default, a plugin architecture, and almost no operational surface area.",Medium-large,"Long-lived, with 300+ contributors reported in project materials and a large plugin ecosystem.",9871,,30–60,"Plugins, webhooks and an API. The working count changes over time.",NATIVE,NATIVE,NATIVE,NATIVE,PARTIAL,"One PHP container over embedded SQLite, with PostgreSQL and MySQL optional. Almost no operational surface.","iCalendar subscription feeds per project and per user, one way out. No CalDAV.",CSV and JSON exports; JSON-RPC API and webhooks.,PHP over SQLite by default; no build step and no JavaScript framework.,None recorded. Self-hosting only.,4.9,Runs on SQLite. There is almost nothing to operate.,4.0,"Direct and unambiguous, and deliberately unpolished.",2.8,The workflow core is sound. Native governance and portfolio depth are not there.,4.0,"Swimlanes, automatic actions, Gantt, calendar and plugin hooks, behind a sparse interface that hides them.",5.0,"MIT, and small enough to read. Nothing constrains what you do with it.",4.9,"A permissive licence, an API and an ordinary database. Very little to leave behind.",Suits teams that want simplicity and control more than a polished interface.,High,https://kanboard.org | https://docs.kanboard.org/v1/user/time_tracking | https://docs.kanboard.org/v1/dev/webhooks | https://github.com/kanboard/kanboard
Kimai,https://www.kimai.org/,github.com/kimai/kimai,2006,Open core,AGPL-3.0,"Timesheets first: activities, rates, budgets and invoices for teams whose tasks exist mainly to be billed.",Medium-large,"5.0k GitHub stars, twenty years of continuity, frequent releases and an active official plugin store.",5004,,20–40,"A JSON REST API, mobile and desktop clients, a CLI, and an official store carrying accounting and chat connectors such as Bexio, Lexoffice and Microsoft Teams.",NATIVE,NO,NO,NATIVE,PARTIAL,"One Compose file with PHP, a web server and MySQL.","An iCalendar feed of the timesheet, one way out. No CalDAV.","CSV, XLSX, PDF and JSON exports, plus invoice templates; a JSON REST API.",PHP (Symfony) over MySQL.,First-party (Kimai Cloud).,4.4,One Compose file with PHP and MySQL. A long-standing project with installation documentation to match.,4.0,"The timesheet is the interface, and for its audience that is exactly right.",4.0,"Customer, user, team-lead and admin roles with strict visibility gates, plus SSO and an audit trail.",3.2,"Deep in one direction and absent in every other: no boards, no timelines, no issue workflow.",4.4,"The AGPL core tracks, budgets and invoices without reaching for the store.",4.4,"CSV, XLSX, PDF and JSON out, with a REST API. Getting time into an accounting system is the design goal.","Open core by plugin. The AGPL core bills and invoices on its own, but a good deal of the ecosystem, including several accounting connectors, sits in a paid store.",Medium-high,https://github.com/kimai/kimai | https://www.kimai.org/store/ | https://www.kimai.org/en/integrations
Super Productivity,https://super-productivity.com/,github.com/johannesjo/super-productivity,2017,FOSS,MIT,A personal task list with pomodoro timing and timeboxing that pulls its work items out of the trackers your team already runs.,Medium-large,"22.1k GitHub stars and frequent releases, driven by one maintainer with a steady contributor stream.",22092,,8–15,"Jira, Trello, GitHub, GitLab, Gitea, Forgejo, OpenProject, Linear, ClickUp, Azure DevOps, Google Calendar and CalDAV, each called directly from your own device with no middleware in between.",NATIVE,NO,PARTIAL,PARTIAL,PARTIAL,"No server at all: a browser app, with optional WebDAV, Dropbox or local-file sync.","Reads tasks from a CalDAV server as an issue source, and a Google Calendar feed. It is not a CalDAV server itself.","JSON and CSV exports, plus whatever the sync target holds; integrations with other trackers rather than an API of its own.","TypeScript and Angular, storing to IndexedDB.","None needed, and none offered.",5.0,"There is nothing to deploy. It runs in the browser, and sync is a WebDAV target or a file you already keep.",4.4,"Opinionated and quick: pick a task, start the timer, and the timesheet writes itself.",1.0,"There is no multi-user model at all — no roles, no shared instance, no administration.",3.0,"A list, a schedule and time logs. Depth is in the timer and the issue providers, not in views.",5.0,Your device holds the data and the app calls each service directly. Nothing to take away from you.,4.4,"JSON and CSV out, plus whatever your sync target already holds as plain files.","Single-user by design. There are no roles, no shared instance and no server to administer, which is either exactly right or immediately disqualifying.",High,https://github.com/johannesjo/super-productivity | https://super-productivity.com/integrations/ | https://super-productivity.com/
Taskwarrior,https://taskwarrior.org/,github.com/GothenburgBitFactory/taskwarrior,2006,FOSS,MIT,A command-line task manager with a tuneable urgency model; the browser arrives through third-party clients built on its sync protocol.,Medium-large,"6.1k GitHub stars and twenty years of continuity, with a devoted command-line following and a small ecosystem of front-ends.",6071,,4–10,"The documented TaskChampion sync protocol, a hook system, and third-party clients including WingTask and taskwarrior_web. There is no first-party web interface.",NATIVE,NO,NO,PARTIAL,NO,"A local task database, plus an optional TaskChampion sync server.",None. Neither CalDAV nor an iCalendar feed.,"JSON and the native task format; a CLI, a hook system and a documented sync protocol.",Rust and C++.,Third-party only (WingTask); no first-party service.,3.6,A local database and an optional sync server. The browser route needs a third party you also have to trust.,2.6,"Extraordinary if you live in a terminal, and close to opaque if you do not.",1.2,"No roles, no organisation, no shared project. It was never trying.",3.4,"Contexts, filters, urgency coefficients and custom reports. Deep, and entirely textual.",4.6,"MIT and local, minus the part where the best browser client is somebody else's hosted service.",4.8,JSON and a documented format with twenty years of compatibility behind it.,"There is no first-party web interface. Browser access comes from third-party clients on the sync protocol, and the most polished of them is a commercial hosted service — so the browser route is real, but it is not the project's own and is not covered by the MIT licence above.",Medium-high,https://github.com/GothenburgBitFactory/taskwarrior | https://taskwarrior.org/docs/sync/ | https://docs.wingtask.com/docs/syncing_taskwarrior/
Trilium Notes,https://triliumnotes.org/,github.com/TriliumNext/Trilium,2017,FOSS,AGPL-3.0,A scriptable hierarchical note tree. A first-party task list is in development; today a to-do is a note carrying a label.,Medium-large,"37.9k GitHub stars carried over from the original project, with TriliumNext shipping regular releases since the original was archived.",37872,"TriliumNext/Trilium is the renamed original repository, so the count carries the archived project’s following with it rather than starting again.",3–10,"ETAPI, a token-authenticated REST interface, plus scripts that run inside notes. No packaged connectors to other task systems.",NO,NO,NO,PARTIAL,NO,One container with embedded SQLite; desktop clients sync to it.,None. Neither CalDAV nor an iCalendar feed.,"HTML and Markdown exports, and a full database ZIP; ETAPI token-authenticated REST.",Node.js over SQLite.,"None. A self-hosted server, or a local desktop application.",4.4,"One container with embedded SQLite, with desktop clients syncing to it.",3.2,Excellent as a knowledge base. As a task manager it asks you to invent the convention first.,1.4,Single-tenant and password-protected. There is no concept of another user.,3.6,"Attributes, templates and in-note scripting will build almost anything, slowly.",4.6,"AGPL, self-hosted, embedded database, and the whole thing exports as one file.",4.2,"HTML, Markdown and a complete database ZIP, plus ETAPI. Leaving is a download.",Barely a task manager yet. A first-party task list is in development; today a to-do list is a note with an #initTodo label and a community script behind it. The original zadam/trilium is archived — TriliumNext is the maintained continuation and the one recorded here.,Medium,https://github.com/TriliumNext/Trilium | https://github.com/TriliumNext/Trilium/wiki/ETAPI | https://docs.triliumnotes.org/user-guide/
Vikunja,https://vikunja.io/,github.com/go-vikunja/vikunja,2018,Open core,AGPL,"Lightweight, sovereignty-first task management with list, Kanban, Gantt and table views, CalDAV, and importers from the major SaaS tools.",Medium-large,"Releases through 2026, established documentation, and a plugin system still growing.",5434,"GitHub carries a mirror. The project develops on its own Gitea at code.vikunja.io, and the following there is not counted in this figure.",4–10,"CalDAV, and importers from Todoist, Trello and Microsoft To Do. Plugins widen it further.",PARTIAL,NATIVE,NATIVE,NATIVE,NATIVE,"A single Go binary, or a two-container Compose file over SQLite or PostgreSQL. The lightest server here.","Native CalDAV, read and write, against the same tasks the interface shows.","Full account export as JSON and a ZIP of attachments; CalDAV, REST API and webhooks.","Go and Vue over SQLite, PostgreSQL or MySQL.",First-party (Vikunja Cloud).,4.8,"Docker, or one native binary. Nothing else to stand up.",4.6,"Tasks, not work items and initiatives. Little to learn before using it.",3.1,"Team basics are covered. Audit, admin and time tracking sit in the newer Pro layer.",4.1,"List, Kanban, table and Gantt views, with little enterprise workflow customisation behind them.",5.0,"AGPL core, self-hosted or EU-hosted, with the data under your control either way.",4.8,"CalDAV, importers, an API, and a documented move between hosted and self-hosted.","Time tracking moved to Vikunja Pro in 2026, out of the free AGPL core.",High,https://vikunja.io/features | https://vikunja.io/pricing | https://vikunja.io | https://github.com/go-vikunja/vikunja
Wekan,https://wekan.github.io/,github.com/wekan/wekan,2016,FOSS,MIT,"A ten-year-old open-source Trello with swimlanes, checklists, subtasks, colour tags and rule-based automation.",Medium-large,"21.1k GitHub stars and ten years of continuous releases, marked at Free Software Conference Ukraine in July 2026.",21088,,8–15,"A REST API and outgoing webhooks tested against Slack and Rocket.Chat, packaged n8n connectors, and a documented import from Trello.",NO,NATIVE,NO,NATIVE,PARTIAL,"Docker Compose or a snap package, over MongoDB.","An iCalendar feed of card due dates, one way out. No CalDAV.","JSON, CSV and TSV exports; a REST API with outgoing webhooks, and a Trello importer.",Meteor and Node.js over MongoDB.,Third-party providers; no first-party service.,3.8,Compose or a snap package over MongoDB. Meteor upgrades have historically been more eventful than the feature set suggests.,4.0,"Anyone arriving from Trello is productive immediately, which is the whole proposition.",3.4,"Board admins, members, commenters and public read-only links, with LDAP and OAuth available.",3.6,"Kanban, list, swimlanes and calendar, with rule-based automation behind them.",4.6,"MIT throughout, with nothing reserved for a paid edition. Among the cleanest positions here.",4.2,"JSON, CSV and TSV exports, a REST API, outgoing webhooks and a documented Trello import.","Long-lived and dependable, on a Meteor and MongoDB stack that makes version upgrades the main operational risk rather than the application itself.",Medium-high,https://github.com/wekan/wekan | https://github.com/wekan/wekan/wiki/Integrations | https://wekan.fi/docs/
Restyaboard,https://restya.com/board,github.com/RestyaPlatform/board,2014,FOSS,OSL-3.0,"A Trello-shaped board with offline caching, card-level messaging and email-to-card, effectively frozen since 2022.",Medium,2.1k GitHub stars and no tagged release since 1.7.1 in March 2022. The commercial product continues; the open board does not.,2089,,few,"A REST API, webhooks and email-to-card. Documented connectors are thin, and none have been refreshed recently.",NATIVE,NATIVE,NATIVE,NATIVE,PARTIAL,"Docker with Nginx, PHP and PostgreSQL.","An iCalendar feed of card due dates, one way out. No CalDAV.",CSV and JSON exports; a REST API with webhooks.,PHP and Backbone.js over PostgreSQL.,First-party (Restyaboard Cloud).,3.0,"Docker with Nginx, PHP and PostgreSQL, against installation documentation that has aged badly.",3.4,"A competent Trello clone of its era, and it looks precisely like its era.",2.8,"Organisation admins, board managers and restricted guests. Present, and untouched for years.",3.6,"Kanban, list, Gantt and calendar is more views than most boards here offer.",3.8,"OSL-3.0 is OSI-approved but unusual, and its reciprocity terms complicate reuse more than MIT or GPL.",3.2,"CSV and JSON out with a REST API, which is the part that matters most for a project in this state.","Dormant. The last tagged release, 1.7.1, is from March 2022, and nothing in the repository since amounts to a release. Recorded for completeness, not as a recommendation: do not start a deployment here without first checking whether the project has moved.",Medium,https://github.com/RestyaPlatform/board | https://restya.com/board
Titra,https://titra.io/,github.com/kromitgmbh/titra,2019,FOSS,AGPL-3.0,"Time and task tracking for studios and agencies: assignments, budgets and burn rates against client projects.",Medium,497 GitHub stars and steady small-team development. A niche tool with a clear audience and little noise around it.,497,,4–10,"A REST API, plus CSV, XLSX and JSON exports aimed squarely at getting time into an accounting system.",NATIVE,NO,NO,PARTIAL,NO,One container over MongoDB.,None. Neither CalDAV nor an iCalendar feed.,"CSV, XLSX and JSON exports; a REST API.",Meteor and React over MongoDB.,First-party (Titra Cloud).,4.2,One container over MongoDB. Small enough to run and forget.,4.0,"A time grid and a task list, with very little between you and a filled timesheet.",3.0,"Project permissions and client rate masking. Enough for an agency, not for a department.",2.8,"Narrow on purpose: time grid, task list, project tracking, and no views beyond them.",4.4,"AGPL with nothing reserved, and the hosted service is convenience rather than leverage.",4.0,"CSV, XLSX and JSON out over a REST API, which is what an accounting handover needs.","Small project, narrow remit, and a bus factor to match. It tracks time against tasks well and does not pretend to manage the project around them.",Medium,https://github.com/kromitgmbh/titra | https://titra.io/
Worklenz,https://worklenz.com/,github.com/Worklenz/worklenz,2023,Open core,AGPL for core,"Agency and services-firm workflow: client projects, billable time, task management and reporting.",Medium,"Hundreds of forks, moving issues and pull requests, continuing releases, and a smaller ecosystem than the leaders.",3179,,3–8,Modest next to Plane or OpenProject. An API and the commercial roadmap may widen it.,NATIVE,NATIVE,NATIVE,NO,NO,"Docker Compose with Node.js and PostgreSQL, plus object storage for attachments.",None. Neither CalDAV nor an iCalendar feed.,"CSV and Excel exports of tasks, timesheets and reports; REST API.",Node.js and Angular over PostgreSQL.,First-party (worklenz.com).,4.2,"A conventional web stack with a current self-hosting path, and less road behind it.",4.4,Planning and timesheets an agency team can pick up without training.,3.8,Built for services firms. The enterprise licensing and admin model is still moving.,4.1,"Boards, lists, Gantt and reporting, without the workflow extension depth of Redmine or OpenProject.",4.7,The AGPL core self-hosts. Send the business-licence terms to procurement first.,4.2,"Ordinary self-hosting with the source available, on a commercial roadmap that may add dependencies.",The self-hosted business-licence model and its edition boundaries are still changing.,Medium-high,https://worklenz.com | https://github.com/Worklenz/worklenz | https://worklenz.com/de/timesheets
